Date,Close,High,Low,Open,Volume
2023-01-03,14.301480293273926,14.9818378561514,14.082687257156094,14.836974338861145,401277000
2023-01-04,14.735069274902344,14.838971139139868,14.22754965642136,14.553241965260252,431324000
2023-01-05,14.25152587890625,14.550243235427955,14.13463581572924,14.477312235656612,389168000
2023-01-06,14.844965934753418,14.99582333867336,14.020745334784726,14.460329337176837,405044000
2023-01-09,15.613240242004395,16.04083551016208,15.12669972895464,15.26956527336169,504231000
2023-01-10,15.893976211547852,15.94692565619881,15.45738863240079,15.49235542656155,384101000
2023-01-11,15.985886573791504,16.012861499247272,15.548300537353844,15.825039338857813,353285000
2023-01-12,16.495407104492188,16.621287564446444,15.477369369246485,16.084795943852424,551409000
2023-01-13,16.883041381835938,16.906020377978866,16.149735291057727,16.26262754145093,447287000
2023-01-17,17.685285568237305,17.711261994871638,16.883044257913486,16.883044257913486,511102000
2023-01-18,17.36058807373047,17.856117981324587,17.26567658254257,17.650313175213793,439624000
2023-01-19,16.749168395996094,17.180761576267606,16.715202010993732,17.0199124023863,452932000
2023-01-20,17.822153091430664,17.83913723437092,16.809110800053677,16.994934054525242,564967000
2023-01-23,19.174875259399414,19.226826197242588,17.801173785335894,18.046939851336912,655163000
2023-01-24,19.24680519104004,19.476589423278178,18.802225761623806,18.809219120213985,496204000
2023-01-25,19.30475425720215,19.35171076173737,18.562455802706715,18.895141551176597,449537000
2023-01-26,19.78329849243164,20.146955040954566,19.259793204752064,19.682394047297027,489535000
2023-01-27,20.345766067504883,20.608518165238692,19.38667365320494,19.443619026904443,542142000
2023-01-30,19.143903732299805,20.12097882695284,19.13191402868899,19.931159638223047,488611000
2023-01-31,19.51854705810547,19.66840499507916,18.932101613384226,19.151893127242506,498017000
2023-02-01,20.923219680786133,21.17198313820513,19.59247705157619,19.672401413641385,660477000
2023-02-02,21.688495635986328,21.928268729004962,20.680449757489193,20.9801656473757,564276000
2023-02-03,21.08007049560547,21.724461721839603,20.769363425697847,20.980164568929723,429366000
2023-02-06,21.069082260131836,21.54962695222601,20.766367039433767,20.78634860687831,452197000
2023-02-07,22.152061462402344,22.237980691163425,21.13002680675863,21.361808070267557,664150000
2023-02-08,22.184030532836914,22.856395317656922,21.987216067602407,22.36585786761618,559651000
2023-02-09,22.31590461730957,22.998260149633165,22.099110499332042,22.58465157727127,523876000
2023-02-10,21.244916915893555,22.057148851622582,20.791347102373106,21.669516693052636,550737000
2023-02-13,21.76742172241211,22.027176385632682,20.94220165152023,21.51765784303239,474919000
2023-02-14,22.94930648803711,23.027231939405723,21.34582082769537,21.55762050476707,675474000
2023-02-15,22.74250030517578,22.8334139631762,22.08512271870245,22.52770321112583,420575000
2023-02-16,21.981220245361328,22.52870109732028,21.906290319529802,22.11209513056643,412026000
2023-02-17,21.367801666259766,21.719468521066783,20.955191596640212,21.6105722076126,465888000
2023-02-21,20.6354923248291,21.47369869665402,20.59852661530796,20.98016579111472,410015000
2023-02-22,20.734397888183594,21.084067699872165,20.401712218442917,20.68744330030768,513184000
2023-02-23,23.641647338867188,23.86543668590284,23.00325097776771,23.417859897378552,1117995000
2023-02-24,23.264005661010742,23.451829726072322,22.925327050973003,23.203064357889673,589716000
2023-02-27,23.478803634643555,23.857445393658914,23.431849045761055,23.64764464547648,452994000
2023-02-28,23.194072723388672,23.80249869803318,23.184081939450895,23.349925522833068,455963000
2023-03-01,22.676563262939453,23.23403683456975,22.48674217124683,23.170096195793,460026000
2023-03-02,23.29197883605957,23.35791648305723,22.410811925677443,22.466760694671414,389415000
2023-03-03,23.8674373626709,23.877428147206164,23.108154887916523,23.297975982991947,412393000
2023-03-06,23.531753540039062,24.225096378883002,23.46481548162868,23.868435128806954,437429000
2023-03-07,23.269956588745117,24.106307975293905,23.222992119971778,23.581715125917633,515154000
2023-03-08,24.162263870239258,24.181250154987797,23.40585043832707,23.46880135031706,513573000
2023-03-09,23.41783905029297,24.435049798564922,23.364878720023672,24.156264775144667,501257000
2023-03-10,22.947206497192383,23.608694224451664,22.70839135809084,23.390862722726986,474866000
2023-03-13,22.948205947875977,23.279949451928704,22.279725558137223,22.734372955848883,421890000
2023-03-14,24.044355392456055,24.20023465879967,23.44182196451992,23.477795275750477,474910000
2023-03-15,24.209228515625,24.267182234844768,23.341901021216625,23.742589391877125,524486000
2023-03-16,25.521209716796875,25.568172276922425,23.875484642486136,24.00838291285319,583253000
2023-03-17,25.705068588256836,26.378546157950858,25.648111638967688,25.96186943353434,848547000
2023-03-20,25.879932403564453,26.0038368777567,25.110528539041603,25.59515337288159,432747000
2023-03-21,26.1787052154541,26.37155650722191,25.361339965161736,26.159720832747663,547408000
2023-03-22,26.447494506835938,27.567626309324265,26.216672572959897,26.404526646779992,797295000
2023-03-23,27.169931411743164,27.477693326309833,26.669320153605067,27.093990085842137,564889000
2023-03-24,26.75825309753418,27.145952994008773,26.33458179234645,27.010058676139064,454920000
2023-03-27,26.510448455810547,26.979085017597196,26.344576678293613,26.816211175391807,361026000
2023-03-28,26.389541625976562,26.49246247851056,25.82997595757845,26.426513619945435,356104000
2023-03-29,26.963092803955078,27.05701983815986,26.576393509814775,26.80421750216044,393694000
2023-03-30,27.361785888671875,27.477697152078605,27.081003441347132,27.207905862898926,364516000
2023-03-31,27.755481719970703,27.812436769505297,27.084001430781612,27.11897416398198,433933000
2023-04-03,27.943336486816406,27.978309220872813,27.314824044368486,27.487690361773616,398716000
2023-04-04,27.431730270385742,27.978307373761556,27.285843473418648,27.944333318386548,368592000
2023-04-05,26.86017417907715,26.97708220560241,26.37455065173421,26.80821442088673,515015000
2023-04-06,27.016054153442383,27.05902010799569,26.406526131732786,26.56340408671622,397654000
2023-04-10,27.557632446289062,27.599599722003898,26.648337660725947,26.802217671680346,395279000
2023-04-11,27.147951126098633,27.768470288811887,27.104983266832733,27.702521438327167,314378000
2023-04-12,26.474470138549805,27.446715744050994,26.427505674037167,27.34879211014712,446259000
2023-04-13,26.442495346069336,26.866166609946806,26.30860029990406,26.713285279016276,353615000
2023-04-14,26.737268447875977,26.862171603134502,26.19968516091452,26.483465526083034,395660000
2023-04-17,26.981081008911133,26.985077620218803,26.412521597702874,26.544419300210514,321471000
2023-04-18,27.64556312561035,28.088220677251833,27.335803850613633,27.511668078538015,604812000
2023-04-19,27.909358978271484,27.97830576142074,27.210901154073433,27.339800915924755,358660000
2023-04-20,27.08300018310547,28.00828332218978,26.979080669784498,27.649560313033174,427713000
2023-04-21,27.097990036010742,27.161941536904624,26.701298237499223,26.93111959606842,345103000
2023-04-24,27.021047592163086,27.344795961333663,26.650334754413183,26.992070732318915,339282000
2023-04-25,26.220670700073242,27.225891884852338,26.20468425381091,27.05702218157695,378527000
2023-04-26,26.93511199951172,27.308822747304923,26.68430704058292,26.981077788741214,406337000
2023-04-27,27.20490837097168,27.473700988118107,26.60437412188999,27.341803276486615,377161000
2023-04-28,27.72750473022461,27.736496630080815,27.050028541567254,27.203910480161962,292216000
2023-05-01,28.887601852416992,29.035487906164658,27.75847815742974,27.818431138842723,570329000
2023-05-02,28.188140869140625,28.813657176732367,28.06124037151052,28.65777791443709,402730000
2023-05-03,27.78046226501465,28.345025101870167,27.450717987161283,27.81843293372934,383387000
2023-05-04,27.540645599365234,27.83741446612487,27.2188945775801,27.62957543882547,321850000
2023-05-05,28.657779693603516,28.732720441787755,27.70951555183905,27.804441261887433,361494000
2023-05-08,29.128414154052734,29.19736093983139,28.328036044950306,28.499901765349517,344979000
2023-05-09,28.548864364624023,28.950553350491152,28.42795972300857,28.87661127506704,314869000
2023-05-10,28.862619400024414,29.090443380229463,28.43894813940752,28.98252535370124,369350000
2023-05-11,28.555856704711914,28.927570123485957,28.224115114379536,28.873611109189465,322149000
2023-05-12,28.31804084777832,28.75770044655747,28.024268029130468,28.506893577420765,274222000
2023-05-15,28.930564880371094,28.946553229870617,28.1301868465502,28.485909993610434,293926000
2023-05-16,29.19036865234375,29.84686118256938,28.809665192443962,28.818657092059023,449405000
2023-05-17,30.154617309570312,30.175600947098626,29.407197674823205,29.56107768336416,432535000
2023-05-18,31.653457641601562,31.803341051124786,30.296509921364876,30.386440348253,748725000
2023-05-19,31.23978042602539,31.555535612732626,30.89205044066183,31.511569073410765,473908000
2023-05-22,31.15184783935547,31.495581197519755,30.656231812128347,30.87705936340456,372000000
2023-05-23,30.664220809936523,31.263756274877256,30.60726576982091,30.975979327940532,356253000
2023-05-24,30.514341354370117,30.583288141844005,29.78290810719129,30.186594444774748,721419000
2023-05-25,37.9505729675293,39.44941078052054,36.606613842123146,38.49315152397772,1543911000
2023-05-26,38.91582489013672,39.13965036548496,37.5209065628187,37.86064329293303,714397000
2023-05-30,40.079925537109375,41.905509800536095,39.9180522909101,40.563551734657395,923401000
2023-05-31,37.804683685302734,40.26377529792952,37.792691946795934,39.45740140056339,1002580000
2023-06-01,39.73918533325195,40.0189671601438,38.31029304006884,38.45917585173872,635873000
2023-06-02,39.296531677246094,40.46862324900234,39.027739074551626,40.06593558901887,482731000
2023-06-05,39.14065170288086,39.534343625841366,38.6770105091887,38.87885366395156,396094000
2023-06-06,38.624053955078125,39.12966247370084,38.11844543645541,38.79992010783334,388729000
2023-06-07,37.4498405456543,39.472483856299974,37.330920951859596,38.888876276456465,511998000
2023-06-08,38.48414611816406,38.83790856539692,37.47982353092405,37.69867447040822,417772000
2023-06-09,38.74396896362305,39.68433522296949,38.541106149128304,39.010787982924306,427717000
2023-06-12,39.45549392700195,39.503462039764756,38.59207552154446,39.173685553174,388701000
2023-06-13,40.99445724487305,41.073406583154025,39.7133202956982,40.15901999798978,613208000
2023-06-14,42.968135833740234,42.97113217286291,40.524773764652764,40.79659433055989,740465000
2023-06-15,42.624366760253906,43.25994139693394,42.11870592148791,42.573402308118794,568622000
2023-06-16,42.66333770751953,43.69164616054712,42.63235647777839,43.420828202870155,655709000
2023-06-20,43.778587341308594,43.960468171430314,42.64534980172413,42.96913358966378,451153000
2023-06-21,43.01609802246094,43.58571883513906,42.0517495771643,43.471793147749,551603000
2023-06-22,42.996116638183594,43.39684459011098,42.205647311041446,42.22463174963578,417737000
2023-06-23,42.180667877197266,42.780263617046714,41.98679785096617,42.435497782094814,358140000
2023-06-26,40.60472106933594,42.73528968879071,40.07307674112564,42.432491709500844,594322000
2023-06-27,41.84788513183594,41.91184134069005,40.42084625845822,40.77160853354225,462175000
2023-06-28,41.08938980102539,41.81690157684153,40.49079301581805,40.63269595251918,582639000
2023-06-29,40.79459762573242,41.57207528641638,40.57274651691467,41.53010366107987,380514000
2023-06-30,42.27360153198242,42.52143615172758,41.47314054093111,41.65202123521711,501148000
2023-07-03,42.384521484375,42.86919645813437,42.17366461675994,42.48845174872612,198209000
2023-07-05,42.28859329223633,43.14801275888201,42.05674678060165,42.10671245240927,323618000
2023-07-06,42.07473373413086,42.15068292310203,41.31824199558715,41.815908748676975,303582000
2023-07-07,42.47445297241211,43.184977806965826,42.15167185380636,42.29357477754716,355881000
2023-07-10,42.151676177978516,42.78225297608444,41.62103070440905,42.628357058958606,353908000
2023-07-11,42.37653350830078,42.729297189868106,42.0387629598543,42.452482705139516,298244000
2023-07-12,43.87252426147461,43.90550305041173,42.748279595768494,43.00410823370412,481277000
2023-07-13,45.94614028930664,46.12401840203169,44.462136448110414,44.48811997217406,478204000
2023-07-14,45.4384765625,48.055717801832095,45.02975074452843,46.55172710271844,772075000
2023-07-17,46.429805755615234,46.464782104984714,45.231613235689295,46.25792415993447,510488000
2023-07-18,47.46211242675781,47.86384295444501,45.703295752651904,46.66964557192856,569164000
2023-07-19,47.04539489746094,47.78589856143542,46.71062071194178,47.432136125010175,427502000
2023-07-20,45.48943328857422,47.05538237311649,45.0317406575106,46.47577001952054,537865000
2023-07-21,44.27924728393555,45.83520487140858,44.07038798081477,45.757254315991084,963769000
2023-07-24,44.58204650878906,45.07871446418964,44.01043195894875,44.70096609238762,382516000
2023-07-25,45.64833068847656,46.15199009290992,44.89283776969056,44.91082723933574,348081000
2023-07-26,45.42148208618164,46.022080298497244,44.60003539984157,45.990100289718285,364237000
2023-07-27,45.86918640136719,47.363181660556975,45.71928557953061,46.48777031512932,455976000
2023-07-28,46.71861267089844,46.99542712373659,46.34986093104817,46.63666699267924,331194000
2023-07-31,46.697628021240234,47.09835978102498,46.474778161903316,46.722612762047206,251055000
2023-08-01,46.47577667236328,46.868514380212844,45.99609938631063,46.42880734222909,237858000
2023-08-02,44.23927688598633,45.80922119475112,43.35786912941364,45.80022836613243,530142000
2023-08-03,44.48511505126953,45.087710878582755,43.77059490108069,43.77059490108069,324176000
2023-08-04,44.65000915527344,45.61136140643105,44.363203052475285,44.954804731044334,362666000
2023-08-07,45.386512756347656,45.50943128805715,44.533085929268644,45.080718408884294,322154000
2023-08-08,44.63401412963867,45.21162517699858,44.0264206319756,44.822886411936246,353843000
2023-08-09,42.52542495727539,44.282243844242906,42.105705013706,44.24426734922616,586449000
2023-08-10,42.35954284667969,43.54474743620117,41.80691270633182,42.131695276501496,492705000
2023-08-11,40.82756805419922,41.98978918777693,40.611713480681736,41.72296635669751,533085000
2023-08-14,43.7236213684082,43.77059069571262,40.283934893491555,40.4588166311825,690286000
2023-08-15,43.91049575805664,45.23760701962332,43.680650645645,44.53008221287335,676512000
2023-08-16,43.4567985534668,44.64499929853995,43.37685044485316,44.49010460327059,527451000
2023-08-17,43.314903259277344,44.03241974365146,42.972131210711666,43.94048245223215,452395000
2023-08-18,43.26993179321289,43.54874382071952,41.632032166940185,42.606376093632456,583768000
2023-08-21,46.93546676635742,47.03340054502666,44.192310747529035,44.464127494140655,692573000
2023-08-22,45.63733673095703,48.15464642329009,45.30256257251268,48.102679385462835,755293000
2023-08-23,47.08436965942383,47.168312899804924,45.17764965557936,45.8352088507009,779046000
2023-08-24,47.13133239746094,50.23224964652598,47.12733727889921,50.18228397955218,1156044000
2023-08-25,45.98711013793945,47.77290929255421,44.99377410638807,46.980442357354335,925341000
2023-08-28,46.803550720214844,46.9484538143124,44.857859477973676,46.450787109194195,685192000
2023-08-29,48.75124740600586,49.04804888819601,46.35985248205318,46.63466937521741,701397000
2023-08-30,49.23092269897461,49.89347574273386,48.392485325821596,49.01106919330039,735206000
2023-08-31,49.321868896484375,49.710607710552146,48.92513603204003,49.34685363953064,528570000
2023-09-01,48.476436614990234,49.76657038149354,48.109682388761954,49.72859768878448,463830000
2023-09-05,48.51540756225586,48.81820554561382,47.827869726570036,48.19062498907006,382653000
2023-09-06,47.03327941894531,48.52040187168578,46.55256375973415,48.4124675938394,468670000
2023-09-07,46.21376419067383,46.316704161962946,45.12540493347,45.49818632647951,433330000
2023-09-08,45.5451545715332,46.57854589398362,45.24433318600193,45.914939369305465,473069000
2023-09-11,45.151390075683594,46.13580667584193,44.28589904966943,46.12081612132712,473966000
2023-09-12,44.843563079833984,45.64609138297815,44.504762105422756,44.71164088016986,349256000
2023-09-13,45.45820617675781,45.90294372989549,44.47678239914178,44.57372538010416,398355000
2023-09-14,45.55414962768555,45.95990868512239,45.10441395907202,45.92293173221363,370097000
2023-09-15,43.874141693115234,45.5721383754204,43.7821930198778,45.31429093296798,506831000
2023-09-18,43.940101623535156,44.21594002292978,41.97526008372968,42.722820575587484,500271000
2023-09-19,43.49436569213867,43.94010212892765,42.97666925633851,43.80718104995943,373064000
2023-09-20,42.21411895751953,43.877140298495235,42.1981295407641,43.57431736743093,367108000
2023-09-21,40.992835998535156,42.075198207915804,40.955859044978006,41.558504470242454,450736000
2023-09-22,41.585487365722656,42.09019092808113,41.20670902536928,41.54750773927353,479236000
2023-09-25,42.19712448120117,42.51093866052547,41.152738174077406,41.56649572457013,419091000
2023-09-26,41.886314392089844,42.794779402172175,41.63046465348833,41.97626153603217,402282000
2023-09-27,42.4429817199707,42.84674687562001,41.60447906383656,42.3050663366097,444935000
2023-09-28,43.06361770629883,43.42040584820638,42.09019244907844,42.43498662299495,424663000
2023-09-29,43.47337341308594,44.117993873277456,43.28148518657967,43.80117928965927,397830000
2023-10-02,44.755619049072266,45.14838526378596,43.835160204850645,44.004059360800305,433298000
2023-10-03,43.491363525390625,45.103416123255286,43.22052325615126,44.78160339586175,470850000
2023-10-04,44.01505661010742,44.11699771323821,43.266497283456516,43.71623295909225,361821000
2023-10-05,44.66168212890625,44.87355907762935,43.862154026315785,44.02405737101078,393483000
2023-10-06,45.735042572021484,45.762027093274135,44.00006519130678,44.166966628350934,434436000
2023-10-09,45.24633026123047,45.5781354250376,44.341864581232265,44.8155843904291,409675000
2023-10-10,45.771018981933594,46.231745925219705,45.061438185078885,45.28330751838584,368582000
2023-10-11,46.77843475341797,46.83140494362504,46.0228794586557,46.168793384796125,378137000
2023-10-12,46.9173469543457,47.58095729211939,46.302711352295894,46.749446645978935,481325000
2023-10-13,45.43421936035156,47.088247061466205,45.25332622388591,46.93233691107498,474115000
2023-10-16,46.067848205566406,46.19776888197393,44.88554260061679,45.036454627581854,375099000
2023-10-17,43.91211700439453,44.72763821121428,42.45497569088067,43.9740807563203,812333000
2023-10-18,42.171142578125,43.19354257835518,41.80036274107,42.565910351376075,627294000
2023-10-19,42.076202392578125,43.27149704183871,41.85732962426039,42.78578325627493,501233000
2023-10-20,41.36261749267578,42.444979615932674,41.053797621487206,41.86531949846795,477266000
2023-10-23,42.94968795776367,43.222529794895785,40.92088476471772,41.20471789682862,478530000
2023-10-24,43.63727569580078,43.67125606240389,42.66585200550872,43.05162238085588,401463000
2023-10-25,41.754390716552734,43.62429085852798,41.53052363272983,43.37243657677688,398379000
2023-10-26,40.30224609375,42.231109527965074,39.85650966502812,41.82834703800738,541001000
2023-10-27,40.47614669799805,41.18173216586504,39.991431738659564,41.10577671411972,416784000
2023-10-30,41.136756896972656,41.74140011545999,40.45715708839421,41.06280298137389,388028000
2023-10-31,40.755977630615234,40.85492215187982,39.20689140883778,40.42617399708402,517969000
2023-11-01,42.30007553100586,42.35604230855743,40.84493168976348,40.85992224625753,437593000
2023-11-02,43.48037338256836,43.858149075327375,42.868734368129815,43.30247683018647,409172000
2023-11-03,44.97848892211914,45.28230687928524,43.69724264528921,43.99406856905828,424610000
2023-11-06,45.72404861450195,45.907942145910646,44.87254931814996,45.25832352062085,400733000
2023-11-07,45.92792892456055,46.19077066214043,45.13139756690528,45.69206789534631,343165000
2023-11-08,46.546566009521484,46.83939268029924,45.94092017940282,46.07284239178855,346719000
2023-11-09,46.92234420776367,48.201588985861626,46.722461258073324,47.43903795369881,540496000
2023-11-10,48.3065299987793,48.44345034341423,47.255151482276034,47.47202272481538,421245000
2023-11-13,48.59136199951172,49.08707205400293,48.07066895736376,48.29153946047775,384136000
2023-11-14,49.62674331665039,49.80463985063808,49.01110891803197,49.650731250983476,416954000
2023-11-15,48.85920715332031,49.93057437955693,48.1716126359303,49.90559139115929,475497000
2023-11-16,49.45085144042969,49.49582691391841,48.301531179746696,48.65032461185113,339756000
2023-11-17,49.26896667480469,49.687718627140484,48.978137690919475,49.49483149994882,325205000
2023-11-20,50.37930679321289,50.5182248537623,49.15202951055082,49.28295286302151,414120000
2023-11-21,49.914581298828125,50.48724182772053,49.19300646271815,50.09647330080843,565747000
2023-11-22,48.68730545043945,50.305351326686875,47.66190879748864,49.822637922413506,899420000
2023-11-24,47.74785614013672,48.89218207826851,47.71687235875977,48.44144754881704,294645000
2023-11-27,48.21358871459961,48.5014172990811,47.623936039409465,47.771847686125604,395662000
2023-11-28,47.79282760620117,48.2945345904846,47.44503304136884,48.20758404305151,401491000
2023-11-29,48.11164855957031,48.73328389544531,47.831814678443656,48.350510033061155,382005000
2023-11-30,46.742454528808594,48.08166546718563,46.394659915888205,47.99571376977162,526247000
2023-12-01,46.737457275390625,47.172202455851924,46.15979857134605,46.49760075768486,369317000
2023-12-04,45.483192443847656,46.04985981674189,44.98348694921652,46.04985981674189,437543000
2023-12-05,46.54266357421875,46.57664311757359,45.24831062993343,45.44321259326519,371718000
2023-12-06,45.48019790649414,47.36325656412602,45.389243900910174,47.19134186457559,380590000
2023-12-07,46.57264709472656,46.605631500937335,45.58114369836872,45.67709625491712,350823000
2023-12-08,47.48219299316406,47.7170758334867,46.52667080932443,46.57165024032382,359224000
2023-12-11,46.60363006591797,47.50717632201845,45.80703244000096,47.46719926720655,509728000
2023-12-12,47.633113861083984,47.642108221332236,46.02292129903264,46.02292129903264,372387000
2023-12-13,48.063899993896484,48.56964690995882,47.584141022949915,47.6051304064391,447792000
2023-12-14,48.32577133178711,48.645610681659974,47.398238742270124,48.36575220371767,391232000
2023-12-15,48.865501403808594,49.37924378573962,48.09588678078713,48.169851012185504,479948000
2023-12-18,50.051902770996094,50.40772334929845,49.12536921258584,49.37524392106738,412587000
2023-12-19,49.57913589477539,49.675088445454506,48.870491649793216,49.39922581544832,464444000
2023-12-20,48.08688735961914,49.97394160292545,48.07389338703891,49.63011224279049,397894000
2023-12-21,48.965450286865234,49.07039720846896,48.39473348540278,48.78653913884223,300425000
2023-12-22,48.8055305480957,49.35825100102085,48.44270969078598,49.17034549223245,252507000
2023-12-26,49.25429916381836,49.575137414585996,48.93545881250647,48.94345422311468,244200000
2023-12-27,49.39222717285156,49.65509581950941,49.060392871738685,49.486181819970135,233648000
2023-12-28,49.4971809387207,49.85899903094536,49.38723545621996,49.61812249458572,246587000
2023-12-29,49.4971809387207,49.97194517562977,48.726567424201626,49.78803546733378,389293000
2024-01-02,48.143856048583984,49.27029006493009,47.57114520519551,49.21931693922932,411254000
2024-01-03,47.54515838623047,48.159848009515486,47.29628263742881,47.461200853543446,320896000
2024-01-04,47.97394561767578,48.47569292887805,47.48418951664503,47.74305858328899,306535000
2024-01-05,49.072391510009766,49.522166721608514,48.281787612444646,48.43771146509866,415039000
2024-01-08,52.226810455322266,52.248802601709635,49.45420245341726,49.48718686021287,642510000
2024-01-09,53.11336898803711,54.29777651370217,51.66409487363166,52.37474091414494,773100000
2024-01-10,54.32276153564453,54.57263625073542,53.462192955866946,53.58913202583644,533796000
2024-01-11,54.794525146484375,55.3182646237258,53.53316035979794,54.971438397001265,596759000
2024-01-12,54.68258285522461,54.94245469940077,54.302776025714294,54.59262780343835,352994000
2024-01-16,56.3537483215332,56.806520449692094,54.87249247128063,54.99043337485482,449580000
2024-01-17,56.02491760253906,56.44270744318076,54.71257571928297,56.31876902089943,474394000
2024-01-18,57.07837677001953,57.57112971197817,56.07887796382001,57.23129996535893,491650000
2024-01-19,59.4611930847168,59.47018744667032,57.196325813300916,57.95994294909057,543501000
2024-01-22,59.62410354614258,60.30076621768796,59.04039658553907,60.018906048230285,452955000
2024-01-23,59.842994689941406,59.879974896146315,58.555638180668645,59.54014514062131,294654000
2024-01-24,61.33124923706055,62.81750357026873,59.90796305820768,60.27378077359489,560271000
2024-01-25,61.586116790771484,62.687565633845296,60.81949912329837,62.3187472904737,482777000
2024-01-26,61.00041198730469,61.75203783033358,60.54264514796327,60.92944842366768,390309000
2024-01-29,62.43369674682617,62.4576829809529,60.876478857453996,61.20131293830937,348733000
2024-01-30,62.74253463745117,63.46117602894952,62.2287923258603,62.86847474739579,410735000
2024-01-31,61.49617004394531,62.237798816895705,60.66958477846298,61.409211838884005,453795000
2024-02-01,62.995418548583984,63.15933783476894,61.619109640583545,62.06888110214667,369146000
2024-02-02,66.1268539428711,66.56662829382361,63.65808651280487,63.941944610064006,476578000
2024-02-05,69.29725646972656,69.46217469854224,67.17132346877767,68.19080896214494,680078000
2024-02-06,68.18881225585938,69.71904328530657,66.26677937017486,69.59510487406826,683111000
2024-02-07,70.0638656616211,70.1848072130282,67.56611760223609,68.28475901119934,495575000
2024-02-08,69.6061019897461,70.75852410364115,69.4201981828919,70.03888367292437,414422000
2024-02-09,72.09686279296875,72.14883106624032,70.17682001570536,70.49765833259872,436637000
2024-02-12,72.2117919921875,74.57360667156944,71.21429106971823,72.56361295434608,613710000
2024-02-13,72.09186553955078,73.41320187519852,69.58512632462431,70.36473436037795,602580000
2024-02-14,73.86296844482422,74.19879860297466,71.90195366370614,73.1653201816801,504917000
2024-02-15,72.62158203125,73.93792331267274,72.36371572931519,73.8319812576461,420122000
2024-02-16,72.57660675048828,74.36471160286108,72.46466337072968,74.06286100719595,495327000
2024-02-20,69.41720581054688,71.91994903053357,67.7000642651573,71.91095085561923,704833000
2024-02-21,67.43818664550781,68.85347738557593,66.21480102707116,67.97191561607241,673755000
2024-02-22,78.49864196777344,78.53561836150196,74.1828051803666,74.98740205219113,865100000
2024-02-23,78.77750396728516,82.35270728551444,77.53112722629109,80.74951481547919,829388000
2024-02-26,79.05237579345703,80.60559805458351,78.46566428274411,79.66006525277888,503973000
2024-02-27,78.66155242919922,79.44016895851776,77.12332991849851,79.34121192660028,391705000
2024-02-28,77.62408447265625,78.89344471041017,77.08635205553938,77.58110675234951,393110000
2024-02-29,79.07235717773438,79.94991557245726,78.31073797222054,79.05436845454679,507289000
2024-03-01,82.23776245117188,82.25875564759677,79.39518604793354,79.95990531943471,479135000
2024-03-04,85.19428253173828,87.6510508748539,83.67704554275812,84.08783505356324,615616000
2024-03-05,85.92495727539062,86.05790010828508,83.3791168960246,85.23127220389335,520639000
2024-03-06,88.65970611572266,89.68324305114874,86.99046652196165,87.98202031125847,582520000
2024-03-07,92.62689971923828,92.7248547713437,89.56129169773,90.11703886606277,608119000
2024-03-08,87.48823547363281,97.35575222228928,86.46669660091352,95.09477882297772,1142269000
2024-03-11,85.73503112792969,88.75665264185574,84.1277600056999,86.38973231212468,678364000
2024-03-12,91.87124633789062,91.91822205763889,86.11086395561675,88.00900332244493,668075000
2024-03-13,90.84671020507812,91.4624276728691,88.39482167096672,91.01363415420467,635713000
2024-03-14,87.904052734375,90.60482886063097,86.56066146107706,89.5363141970595,602318000
2024-03-15,87.79710388183594,89.50532731640718,86.21782728727133,86.89051814443762,642086000
2024-03-18,88.4148178100586,92.36302032319799,87.04543743889901,90.34693832973477,668976000
2024-03-19,89.35738372802734,90.50285912673566,84.97137697263021,86.66060391822083,672171000
2024-03-20,90.33094024658203,90.36892499415599,88.18291459146306,89.75619692788968,479063000
2024-03-21,91.3934555053711,92.60590946151324,90.3639246898217,92.25806799689252,480372000
2024-03-22,94.24617004394531,94.73494632617268,90.79273767099636,91.0995974210595,586719000
2024-03-25,94.9588394165039,96.72203796887115,93.46752046670314,93.89832441902517,552136000
2024-03-26,92.51895141601562,96.33122190575376,92.45998010784325,95.80745785714453,513648000
2024-03-27,90.2090072631836,93.19764703060397,89.0825202595378,93.06970681708792,586067000
2024-03-28,90.31495666503906,91.25852807692272,89.15248296936366,89.95911557929476,435212000
2024-04-01,90.32195281982422,92.18310654401581,89.16348269596169,90.25798652750393,452441000
2024-04-02,89.41136169433594,90.0530682986896,87.5801933164325,88.40781242384669,433064000
2024-04-03,88.92359161376953,90.3329548866708,88.35985240535257,88.44381388856061,370067000
2024-04-04,85.86597442626953,90.59283007199305,85.84098425791797,90.36492919277833,434965000
2024-04-05,87.96802520751953,88.44080991811138,85.88697023320091,86.82653804838375,399678000
2024-04-08,87.09341430664062,88.78964187058105,86.69259552509367,88.65969605555898,283220000
2024-04-09,85.3152084350586,87.59517772557601,82.98427507127602,87.40226463843116,501700000
2024-04-10,86.99945831298828,87.36029436616496,83.67096935278308,83.88787363370758,431929000
2024-04-11,90.5748291015625,90.69777431894295,86.88651070979101,87.3802819466206,431637000
2024-04-12,88.14593505859375,90.13403751700548,87.49023484155897,89.65824820701377,426805000
2024-04-15,85.96192169189453,90.5718255697764,85.88995581094821,89.05751457655467,443077000
2024-04-16,87.37528228759766,88.07795816892963,86.02489821377218,86.39372622024712,370453000
2024-04-17,83.996826171875,88.73467063272588,83.91185807695048,88.29986306960333,495400000
2024-04-18,84.63252258300781,86.15083715939076,82.36455643729415,84.93139031495535,447260000
2024-04-19,76.1653823852539,84.28569253115833,75.57165807203599,83.11222985815499,875198000
2024-04-22,79.48187255859375,80.03662072603697,76.36529285459991,78.0685134774025,596341000
2024-04-23,82.38555908203125,82.7314025960764,80.22754314018754,80.73231101825336,438559000
2024-04-24,79.64080810546875,84.04380588258387,79.14702921409854,83.91186206206669,512208000
2024-04-25,82.59446716308594,83.28514753299602,78.18746579696108,78.83216944223621,424641000
2024-04-26,87.69515228271484,88.29088225677599,83.34912752628662,83.77993152652552,551011000
2024-04-29,87.71713256835938,87.9520187834122,85.22725937914602,87.55520360857133,388971000
2024-04-30,86.36276245117188,88.77866462934834,86.26081139602988,87.20037932563423,363709000
2024-05-01,83.00326538085938,85.96092040406639,81.21807385271738,85.0383433055248,559863000
2024-05-02,85.77801513671875,86.19782250273573,83.16219963332766,84.41063276835533,377898000
2024-05-03,88.74866485595703,89.24043810826264,87.00045887297132,87.74911915331617,398341000
2024-05-06,92.09812927246094,92.17809474920628,89.01453206854012,89.34937892324267,376203000
2024-05-07,90.51286315917969,91.73930312313776,88.97056485934608,91.05661474475471,437342000
2024-05-08,90.37093353271484,91.15257599630715,89.37937974936176,89.44235467047578,325721000
2024-05-09,88.70668029785156,91.0306209060013,88.19091589664993,90.48786834493905,378013000
2024-05-10,89.83717346191406,91.35948429960405,89.18646818667818,90.26398145980926,335325000
2024-05-13,90.3579330444336,90.95665993755156,88.48877985590597,90.43689190742707,289680000
2024-05-14,91.31450653076172,91.60937070385219,88.89360196869727,89.55830082348145,296507000
2024-05-15,94.58700561523438,94.81890247189259,91.5573844071605,92.42998889004295,417735000
2024-05-16,94.3161392211914,95.7754751109485,94.06025117593339,94.86689143447046,323952000
2024-05-17,92.4369888305664,94.69696338532674,91.7642980099601,94.32613733717375,359691000
2024-05-20,94.73694610595703,95.15675349579068,93.39755844526998,93.70741519120496,318764000
2024-05-21,95.34266662597656,95.35666020460762,93.13766755607001,93.55647591838027,328946000
2024-05-22,94.90686798095703,95.97638165173369,93.20664422258311,95.41563946312446,548648000
2024-05-23,103.7518539428711,106.27170489938443,101.4738822009577,101.98165468043742,835065000
2024-05-24,106.42063903808594,106.4266330182304,102.95321303565972,104.40155233715765,429494000
2024-05-28,113.8492431640625,114.88677349919296,109.8330712427859,110.19390726159746,652728000
2024-05-29,114.77283477783203,115.4395315931238,110.85062138095752,112.99864721739439,557442000
2024-05-30,110.4498062133789,115.76639034201462,109.61318842752371,114.59792263255132,484553000
2024-05-31,109.58319854736328,112.66579716472957,106.89142114521177,112.46888043622216,613263000
2024-06-03,114.94774627685547,114.94774627685547,111.95210640711821,113.56937506342024,438392000
2024-06-04,116.38410949707031,116.547037473925,113.99319767795535,115.66344393803814,403324000
2024-06-05,122.3843765258789,122.39336749547275,117.41463524122511,118.31722487581986,528402000
2024-06-06,120.94303894042969,125.5299513206976,118.26625399255828,123.99164893221229,664696000
2024-06-07,120.83308410644531,121.63671972354634,117.96838874257641,119.71558814229236,412386000
2024-06-10,121.73467254638672,123.04407498199869,116.95684528802722,120.31531947295237,313434100
2024-06-11,120.8650131225586,122.82428289255223,118.69581478206955,121.7246861006453,222551200
2024-06-12,125.15339660644531,126.83277160339148,122.52437825697241,123.01419374000322,299595000
2024-06-13,129.561767578125,129.75169931207168,127.11268237111577,129.34184822861945,260704500
2024-06-14,131.8309326171875,132.7905668615139,128.27225972601377,129.9116488754234,309320400
2024-06-17,130.93125915527344,133.68023590303568,129.53178618492996,132.94052101290185,288504400
2024-06-18,135.529541015625,136.2792618770274,130.64136160940566,131.09119107562512,294335100
2024-06-20,130.7313232421875,140.70760447472028,129.4717976978072,139.74797032274762,517768400
2024-06-21,126.52288818359375,130.5813821684496,124.25373647196925,127.07268651484108,649445800
2024-06-24,118.06603240966797,124.41366700261213,117.99605877326907,123.19411994547033,476060900
2024-06-25,126.04306030273438,126.45291134412159,119.27558373905313,121.15488117789624,414192600
2024-06-26,126.35295867919922,128.0723121328984,122.55436989135586,126.08305489542055,362975900
2024-06-27,123.94384765625,126.3629527063705,122.8742462250665,124.0538073233716,252571700
2024-06-28,123.4940185546875,127.6624646242392,122.7043116824408,124.53363237537093,315516700
2024-07-01,124.25374603271484,124.79353836567705,118.78578041896601,123.42405307864779,284885500
2024-07-02,122.62434387207031,123.36407395616142,120.98495484371743,121.0849161012404,218374000
2024-07-03,128.2322540283203,128.2322540283203,121.31483142526585,121.61472281837746,215749000
2024-07-05,125.78317260742188,128.80205294716893,125.63322690650442,127.33259117942191,214176700
2024-07-08,128.15228271484375,130.72133351853034,126.99271841631584,127.44254788203128,237677300
2024-07-09,131.33111572265625,133.77021018974597,128.60212062869667,130.30150022676182,285366600
2024-07-10,134.85980224609375,135.0497339856147,132.37072330988062,133.98012482225403,248978600
2024-07-11,127.35257720947266,136.0993124183688,127.00270902136553,135.69946741856324,374782700
2024-07-12,129.19190979003906,131.87090512655513,127.17265724708656,128.21226350748265,252680500
2024-07-15,128.39218139648438,131.34107999581735,127.1326483868314,130.51138719274533,208326200
2024-07-16,126.31297302246094,128.9919682814133,124.53363670793642,128.3922007361648,214769500
2024-07-17,117.94608306884766,121.80464702237855,116.67655910688254,121.30483311779221,390086200
2024-07-18,121.044921875,122.35443942749386,116.51660933955519,121.80464110852073,320979500
2024-07-19,117.88611602783203,121.55474851190428,117.32632685631629,120.30521366365987,217223800
2024-07-22,123.4940185546875,124.02382006512462,119.81538796863644,120.3052034521371,258068900
2024-07-23,122.54436492919922,124.64358935199353,122.05454945627272,122.73429664640844,173911000
2024-07-24,114.20748138427734,119.90535705479644,113.39778526966548,119.12564855531016,327776900
2024-07-25,112.23821258544922,116.58659216144551,106.26044237682176,112.99793187881421,460067000
2024-07-26,113.0179214477539,116.15675226350169,111.53847651152583,116.14676147619508,293399100
2024-07-29,111.54845428466797,116.23671076015049,111.25856895549296,113.64767861053163,248152100
2024-07-30,103.69139862060547,111.94831904183755,102.5018390571419,111.4784927394089,486833300
2024-07-31,116.9764404296875,118.29594880516444,110.83872641972829,112.85797882293917,473174200
2024-08-01,109.16935729980469,120.11528690507727,106.77024891874801,117.4862607613273,523462300
2024-08-02,107.23007202148438,108.67953692460011,101.3322740328123,103.72138389300983,482027500
2024-08-05,100.41261291503906,103.37151801623692,90.65625074239716,92.02573599453234,552842400
2024-08-06,104.2112045288086,107.66991601333109,100.51258449303656,103.8013534449751,409012100
2024-08-07,98.8731918334961,108.75951041282163,98.65327249174283,107.76987337493198,411440400
2024-08-08,104.93093872070312,105.46074027148637,97.48370651422417,101.9620427269347,391910000
2024-08-09,104.71101379394531,106.5603237294343,103.39150538103131,105.60068194063821,290844200
2024-08-12,108.97941589355469,111.02865586823579,106.22044874545279,106.28042397102533,325559900
2024-08-13,116.09677124023438,116.18674170739067,111.53847094577725,112.3981514576694,312646700
2024-08-14,118.03606414794922,118.55586729976085,114.02755413739949,118.4858936518909,339246400
2024-08-15,122.81427001953125,123.1941258314807,117.42627687972316,118.71579763487502,318086700
2024-08-16,124.53363037109375,124.95347220733727,121.13489440174322,121.89461364819915,302589900
2024-08-19,129.9516143798828,129.9516143798828,123.37406160628171,124.23374212691918,318333600
2024-08-20,127.20264434814453,129.8316704836438,125.84314985736411,128.35221027833737,300087400
2024-08-21,128.45217895507812,129.30186873034427,126.61286736853016,127.27261778490315,257883600
2024-08-22,123.69395446777344,130.70134819678017,123.05419322056757,129.97162409913395,376189100
2024-08-23,129.32183837890625,129.5517637458536,125.1733892777955,125.81315043381734,323230300
2024-08-26,126.4129409790039,131.21115023425924,124.32372236742049,129.52179192714146,331964700
2024-08-27,128.25225830078125,129.15191727923408,123.83389733541988,125.00346773520825,303134600
2024-08-28,125.5632553100586,128.28224429229948,122.59435936439931,128.0723157316594,448101100
2024-08-29,117.54623413085938,124.38369252727087,116.66656437657561,121.31483536128766,453023300
2024-08-30,119.32557678222656,121.70468827145996,117.17637542296369,119.48551326917712,333751600
2024-09-03,107.95980834960938,116.16675212470322,107.25007348768284,115.96682960430755,477155100
2024-09-04,106.17047119140625,113.2278412494732,104.08125268189775,105.37077350121302,372470300
2024-09-05,107.17009735107422,109.60919166518133,104.72101224991617,104.95092237696757,306850700
2024-09-06,102.79173278808594,108.10975260064535,100.9124275647732,107.99979292793853,413638100
2024-09-09,106.43038177490234,106.51035383580418,103.6514174842849,104.840969477339,273912000
2024-09-10,108.05976104736328,109.3592802066297,104.910932028029,107.7698680771714,268283700
2024-09-11,116.86649322509766,117.14638779715078,107.38001963060195,109.34928767526075,441422400
2024-09-12,119.10585021972656,120.75537880467239,115.34692581517743,116.80650641923144,366052700
2024-09-13,119.06584930419922,119.92560332926655,117.56627939450601,119.04585839470772,238358300
2024-09-16,116.74651336669922,118.14611345715065,114.32720910628294,116.75651263492436,248772300
2024-09-17,115.5568618774414,118.76594842655497,114.7970852268969,118.13612413784692,231925900
2024-09-18,113.3375015258789,117.66625439302568,113.18754300284537,115.85677572945441,310318900
2024-09-19,117.83621215820312,119.62569992209964,117.21638715198857,117.31635695887289,293506400
2024-09-20,115.96674346923828,118.58599507614844,115.35691774254244,117.02643713264742,382462400
2024-09-23,116.22667694091797,116.9564634197924,114.82707671663402,116.51659472951452,206228500
2024-09-24,120.8353500366211,121.76508371624787,115.34691849533687,116.48659105394941,354966800
2024-09-25,123.47459411621094,124.90418446690079,121.57513728542474,121.98501577990396,284692900
2024-09-26,124.00444030761719,127.63339688941237,121.76508462125145,126.76365118817954,302582900
2024-09-27,121.36520385742188,123.99444725769884,119.22581786965418,123.93446689659378,271009200
2024-09-30,121.40518951416016,121.46516987339125,118.11613173565692,118.27608190267567,226553700
2024-10-01,116.9664535522461,122.40489622649267,115.7568014008595,121.73508253340503,302094500
2024-10-02,118.81592559814453,119.34577243311742,115.10699012612709,116.4066204825267,221845900
2024-10-03,122.81478118896484,124.3243504544059,120.30549859251518,120.88533415502995,277118000
2024-10-04,124.88418579101562,125.00415413490973,121.79507530101387,124.90418432860164,243678100
2024-10-07,127.68339538574219,130.6025566538886,124.91418502432315,124.95417447518639,346250200
2024-10-08,132.85189819335938,133.44172537204778,129.38289186465897,130.2226473652744,285722500
2024-10-09,132.61196899414062,134.48144332062452,131.34234403030248,134.0715571884807,246191600
2024-10-10,134.7713623046875,134.96131029321415,130.9624566548967,131.87219951867377,242311300
2024-10-11,134.76136779785156,135.74108264717918,133.62169514533127,133.97158567859756,170209500
2024-10-14,138.0304412841797,139.56000161928338,136.26094423310064,136.43089368651033,232347700
2024-10-15,131.56228637695312,138.53028982768672,128.70310551155586,137.8304782609884,377831000
2024-10-16,135.68109130859375,136.58082718354044,131.54227882589296,133.9415846620271,264879700
2024-10-17,136.8907470703125,140.84961880375567,136.83076670766295,139.30005999950754,306435900
2024-10-18,137.96043395996094,138.86016981880368,137.24063917112105,138.63024003343975,176090200
2024-10-21,143.66880798339844,143.66880798339844,137.96043821210023,138.090405825162,264554500
2024-10-22,143.54885864257812,144.37862268295584,141.7393796377136,142.86906078072698,226311600
2024-10-23,139.51998901367188,142.3891613712536,137.42060018656866,141.9892821435429,285930000
2024-10-24,140.3697509765625,141.30948393843238,138.42031305269128,140.77963709898057,172354900
2024-10-25,141.49942016601562,144.0886893234089,140.7596420534019,140.88959441527413,205122100
2024-10-28,140.479736328125,143.09898064959424,140.00986979275078,142.95902137870084,173586700
2024-10-29,141.20950317382812,142.2192081120129,138.86017082456863,140.2497716969522,157593600
2024-10-30,139.300048828125,140.28977049571748,136.77077537646986,139.49998843906093,179418100
2024-10-31,132.72195434570312,137.5705707608992,132.07214669412372,137.5605791178224,270039600
2024-11-01,135.36119079589844,137.2706470867555,134.53144208222884,134.6613944536623,207127800
2024-11-04,136.01100158691406,138.9201710380497,135.53114345978716,137.17067271068436,187528200
2024-11-05,139.86988830566406,140.32974787080795,137.29062621937655,137.41058693125512,160537400
2024-11-06,145.56825256347656,146.44800513885863,141.91930516184587,142.91901845044762,242043900
2024-11-07,148.8373260498047,148.8872995129736,146.12809620267714,146.34803435651398,207323300
2024-11-08,147.58767700195312,149.72706281958904,146.21805942983792,148.7273495355645,175665800
2024-11-11,145.21835327148438,148.80733573059373,143.52885055228916,148.6373710400852,182325600
2024-11-12,148.24746704101562,149.60707763368606,145.96812211424654,146.73790556674717,198634700
2024-11-13,146.22808837890625,149.2872090486766,145.85818403502842,149.02728904721945,191903300
2024-11-14,146.71792602539062,148.95728942511607,145.50828141212895,147.59767865642831,194463300
2024-11-15,141.9392852783203,145.19836028928967,140.03983617411208,144.8284560077565,250132900
2024-11-18,140.10980224609375,141.50940991238423,137.1106625740026,139.45999475223928,221205300
2024-11-19,146.9678497314453,147.08782570288798,140.94958652618317,141.2794937524248,227834900
2024-11-20,145.84817504882812,147.5176944558783,142.68907730947365,147.36774356025674,309871700
2024-11-21,146.62796020507812,152.84617867409492,140.65967008206871,149.30720000657334,400946600
2024-11-22,141.90931701660156,147.1178306503594,141.05956976166155,145.88817215972634,236406200
2024-11-25,135.9810028076172,142.0092725854583,135.78106320516017,141.9492922301626,344941900
2024-11-26,136.88075256347656,139.26007526155422,135.63111085304342,137.66052777043362,190287700
2024-11-27,135.3011932373047,137.18065910710888,131.76221489663718,134.97128602051475,226370900
2024-11-29,138.2103729248047,139.31006372977,136.0110065692894,136.74079305563075,141863200
2024-12-02,138.59027099609375,140.40974141861778,137.7805055975671,138.79021062156448,171682800
2024-12-03,140.2198028564453,140.4997214017946,137.91046723010535,138.22037595856943,164414000
2024-12-04,145.098388671875,145.7481962192296,140.24977303436475,141.95928950014692,231224300
2024-12-05,145.02841186523438,146.50808533514203,143.91865294893697,145.0784040292141,172621200
2024-12-06,142.40899658203125,145.66828146425675,141.27923767487087,144.56853006182772,188505600
2024-12-09,138.77975463867188,139.91950565348523,137.1001279875636,138.93972344033872,189308600
2024-12-10,135.04058837890625,141.78911819403848,133.76085313448985,138.97971741196267,210020900
2024-12-11,139.27964782714844,140.1394610798945,135.18055019628483,137.33007570041752,184905200
2024-12-12,137.31008911132812,138.4098556769623,135.77043117490655,137.05015122102654,159211400
2024-12-13,134.22076416015625,139.56960518418134,132.51112983721956,138.90974525213795,231514900
2024-12-16,131.9712371826172,134.37070812011547,130.39157963416955,134.1507548377073,237951100
2024-12-17,130.36160278320312,131.5613383936032,126.8323727744144,129.06188284882555,259410300
2024-12-18,128.88192749023438,136.67022414162827,128.2520598203989,133.83084634553458,277444500
2024-12-19,130.65151977539062,134.0007959707685,129.52177635647746,131.7312862928068,209719200
2024-12-20,134.670654296875,135.25052978203578,128.19207015255643,129.7817201303188,306528600
2024-12-23,139.6395721435547,139.75954112073697,135.09056027465786,136.25031123897003,176053500
2024-12-24,140.18946838378906,141.8690952419841,138.61980292789985,139.9695150682445,105157000
2024-12-26,139.89952087402344,140.81933395538283,137.70000300728188,139.6695752314167,116205600
2024-12-27,136.9801483154297,138.98972022149263,134.68066155069724,138.5198213856297,170582600
2024-12-30,137.46005249023438,140.23944563051566,133.99080722961983,134.80062832550155,167734700
2024-12-31,134.26075744628906,138.0399485497518,133.80086613446198,137.99994871496077,155659200
